<DataFileHeader>
  <Variables>
    <Element name="PulseProgram" type="dict">
      <Element name="PulseProgram" type="str">C:/Users/ions/Documents/IonControl/project_dir/QuditLab/config/PulseProgramsPlus/TestCode.ppp</Element>
      <Element name="NULL" type="Quantity">0</Element>
      <Element name="FFFFFFFF" type="Quantity">18446744073709551615</Element>
      <Element name="INTERRUPT_EXITCODE" type="Quantity">18446198715942174720</Element>
      <Element name="DummyCounter" type="int">0</Element>
      <Element name="WaitTime" type="Quantity">1 s</Element>
      <Element name="WhileNum" type="int">10</Element>
      <Element name="Timestep" type="Quantity">0.1 s</Element>
      <Element name="TestCounter" type="int">1</Element>
      <Element name="init" type="int">0</Element>
      <Element name="TestCodeShutter_mask" type="int">4</Element>
      <Element name="TestCodeShutter" type="int">4</Element>
      <Element name="DummyWhileCount" type="Quantity">0</Element>
      <Element name="endLabel" type="Quantity">18446744073709551615</Element>
    </Element>
    <Element name="Scan" type="dict">
      <Element name="scanParameter" type="str">DummyCounter</Element>
      <Element name="scanTarget" type="str">Internal</Element>
      <Element name="scantype" type="int">0</Element>
      <Element name="scanMode" type="int">0</Element>
      <Element name="xUnit" type="str"></Element>
      <Element name="xExpression" type="str"></Element>
      <Element name="loadPP" type="bool">True</Element>
      <Element name="loadPPName" type="str">AblationWait</Element>
      <Element name="parallelInternalScanParameter" type="str">None</Element>
    </Element>
    <ColumnSpec>timeTickFirst, timeTickLast, x, PMT Count, PMT Count_raw, PMT Count_bottom, PMT Count_top</ColumnSpec>
    <Element name="comment" type="str"></Element>
    <Element name="lastDataAquired" type="datetime">2020-02-18 20:39:53.674569+00:00</Element>
    <Element name="name" type="str"></Element>
    <Element name="traceCreation" type="datetime">2020-02-18 20:38:54.829755+00:00</Element>
    <Element name="traceFinalized" type="datetime">2020-02-18 20:39:53.681533+00:00</Element>
    <TracePlottingList>
      <TracePlotting _bottomColumn="PMT Count_bottom" _filtColumn="None" _fitFunction="None" _heightColumn="height" _rawColumn="PMT Count_raw" _topColumn="PMT Count_top" _xColumn="x" _yColumn="PMT Count" fill="True" name="PMT Count" properties="&lt;trace.PlottedTrace.PlottedTraceProperties object at 0x0000021999C4AFD0&gt;" style="0" type="0" windowName="Scan Data" xAxisLabel="DummyCounter" xAxisUnit="" yAxisLabel="None">
        <PlottedTraceProperties averageSameX="False" averageType="0" combinePoints="0"/>
      </TracePlotting>
    </TracePlottingList>
  </Variables>
</DataFileHeader>
