<DataFileHeader>
  <Variables>
    <Element name="PulseProgram" type="dict">
      <Element name="PulseProgram" type="str">C:/Users/ions/Documents/IonControl/project_dir/QuditLab/config/PulseProgramsPlus/Ion-Direct Trap Pt1.ppp</Element>
      <Element name="NULL" type="Quantity">0</Element>
      <Element name="FFFFFFFF" type="Quantity">18446744073709551615</Element>
      <Element name="INTERRUPT_EXITCODE" type="Quantity">18446198715942174720</Element>
      <Element name="InitializationShutter" type="int">5144</Element>
      <Element name="AblationTTL_mask" type="int">256</Element>
      <Element name="AblationTTL" type="int">256</Element>
      <Element name="TrapRF_mask" type="int">8192</Element>
      <Element name="TrapRF" type="int">8192</Element>
      <Element name="EndShutter" type="int">5144</Element>
      <Element name="Camera_Switch_mask" type="int">4096</Element>
      <Element name="Camera_Switch" type="int">0</Element>
      <Element name="CameraTTL_mask" type="int">2048</Element>
      <Element name="CameraTTL" type="int">2048</Element>
      <Element name="AblationShutter_mask" type="int">1024</Element>
      <Element name="AblationShutter" type="int">1024</Element>
      <Element name="ShutterDelayTime" type="Quantity">0.1 s</Element>
      <Element name="DetectTime" type="Quantity">100 ms</Element>
      <Element name="TrapStartDelay" type="Quantity">169.0 us</Element>
      <Element name="WaitForCoolTime" type="Quantity">2 s</Element>
      <Element name="DummyPara" type="int">0</Element>
      <Element name="DetectCounters" type="int">0</Element>
      <Element name="endLabel" type="Quantity">18446744073709551615</Element>
      <Element name="IonDirectTrap_testvar" type="Quantity">0</Element>
    </Element>
    <Element name="Scan" type="dict">
      <Element name="scanParameter" type="str">DummyPara</Element>
      <Element name="scanTarget" type="str">Internal</Element>
      <Element name="scantype" type="int">0</Element>
      <Element name="scanMode" type="int">0</Element>
      <Element name="xUnit" type="str"></Element>
      <Element name="xExpression" type="str"></Element>
      <Element name="loadPP" type="bool">True</Element>
      <Element name="loadPPName" type="str">Ion Direct Trap Pt1</Element>
      <Element name="parallelInternalScanParameter" type="str">None</Element>
    </Element>
    <ColumnSpec>timeTickFirst, timeTickLast, x, PMT Count, PMT Count_raw</ColumnSpec>
    <Element name="comment" type="str"></Element>
    <Element name="lastDataAquired" type="datetime">2020-10-28 11:05:57.821936+00:00</Element>
    <Element name="name" type="str"></Element>
    <Element name="traceCreation" type="datetime">2020-10-28 11:05:57.795873+00:00</Element>
    <Element name="traceFinalized" type="datetime">2020-10-28 11:06:02.736232+00:00</Element>
    <TracePlottingList>
      <TracePlotting _bottomColumn="bottom" _filtColumn="None" _fitFunction="None" _heightColumn="height" _rawColumn="PMT Count_raw" _topColumn="top" _xColumn="x" _yColumn="PMT Count" fill="True" name="PMT Count" properties="&lt;trace.PlottedTrace.PlottedTraceProperties object at 0x0000029393B78D68&gt;" style="0" type="0" windowName="Scan Data" xAxisLabel="DummyPara" xAxisUnit="" yAxisLabel="None">
        <PlottedTraceProperties averageSameX="False" averageType="0" combinePoints="0"/>
      </TracePlotting>
    </TracePlottingList>
  </Variables>
</DataFileHeader>
