<DataFileHeader>
  <Variables>
    <Element name="PulseProgram" type="dict">
      <Element name="CalibrationSkipCounter" type="Quantity">0</Element>
      <Element name="CoolingTime" type="Quantity">1 ms</Element>
      <Element name="PresenceThreshold" type="Quantity">10 kHz</Element>
      <Element name="ResetHold" type="Quantity">1.0 ms</Element>
      <Element name="PumpingOn_mask" type="int">17465082368</Element>
      <Element name="CalibrationCounters" type="int">144115188075855874</Element>
      <Element name="xPhiNB2" type="float">352.8192442185417</Element>
      <Element name="currentexperiment" type="Quantity">0</Element>
      <Element name="piTimeIntegrator" type="Quantity">0</Element>
      <Element name="Microwave2On_mask" type="int">0</Element>
      <Element name="BoolFreqScan" type="int">0</Element>
      <Element name="inlinevar_8" type="Quantity">6</Element>
      <Element name="Microwave2On" type="int">0</Element>
      <Element name="inlinevar_2" type="Quantity">1</Element>
      <Element name="ddsuwave" type="int">192</Element>
      <Element name="two" type="Quantity">2</Element>
      <Element name="Microwave1On" type="int">256</Element>
      <Element name="MicrowaveCalGateNum" type="int">21</Element>
      <Element name="WaitForRam" type="Quantity">10.0 us</Element>
      <Element name="GateTime" type="Quantity">0</Element>
      <Element name="CoolPhotons" type="Quantity">0</Element>
      <Element name="BoolExpSync" type="int">0</Element>
      <Element name="AppliedMicrowaveFreq" type="Quantity">42.819554576837085 MHz</Element>
      <Element name="MicrowaveInitPhase" type="float">0.0</Element>
      <Element name="MicrowaveAnalyzePhase" type="float">0.0</Element>
      <Element name="BitWidth" type="int">4</Element>
      <Element name="PulsesRemaining" type="Quantity">0</Element>
      <Element name="PostPulseWaitTime" type="int">0</Element>
      <Element name="TickleOn_mask" type="int">67108864</Element>
      <Element name="packedData" type="Quantity">0</Element>
      <Element name="MicrowaveOn_mask" type="int">256</Element>
      <Element name="piTime" type="Quantity">35.00721114302609 us</Element>
      <Element name="inlinevar_5" type="Quantity">4</Element>
      <Element name="AppliedTickleFreq" type="int">0</Element>
      <Element name="FreqCalTime" type="Quantity">0</Element>
      <Element name="CoolingOn" type="int">17465082880</Element>
      <Element name="CalPulseTime" type="Quantity">0</Element>
      <Element name="Microwave2InitTime" type="int">0</Element>
      <Element name="NumPacked" type="int">16</Element>
      <Element name="CoolingCounters" type="int">2</Element>
      <Element name="FreqIntegrator" type="Quantity">0</Element>
      <Element name="xPhi" type="int">90</Element>
      <Element name="pitime2" type="Quantity">0</Element>
      <Element name="MicrowaveAnalyzeTime" type="int">0</Element>
      <Element name="Microwave2Amp" type="Quantity">100.0</Element>
      <Element name="DetectOn_mask" type="int">8740929536</Element>
      <Element name="gateId" type="Quantity">0</Element>
      <Element name="QubitWaitTime" type="int">0</Element>
      <Element name="BoolTickle" type="int">0</Element>
      <Element name="CoolingOn_mask" type="int">17465082880</Element>
      <Element name="Microwave1On_mask" type="int">256</Element>
      <Element name="five" type="Quantity">5</Element>
      <Element name="trainPhase" type="Quantity">0</Element>
      <Element name="repetitionCounter" type="Quantity">0</Element>
      <Element name="MicrowaveFreqConst" type="Quantity">42.812118466 MHz</Element>
      <Element name="updateTime" type="Quantity">10 us</Element>
      <Element name="endLabel" type="Quantity">18446181123756130304</Element>
      <Element name="InitializationShutter" type="int">20686308352</Element>
      <Element name="inlinevar_7" type="Quantity">5</Element>
      <Element name="AppliedFreqCal" type="Quantity">0</Element>
      <Element name="xPhi2" type="float">21.542267344374864</Element>
      <Element name="Calibration2Counters" type="int">216172782113783810</Element>
      <Element name="xPhi1" type="float">187.1807557814583</Element>
      <Element name="DetectThreshold" type="int">1</Element>
      <Element name="MicrowaveAmp" type="Quantity">700</Element>
      <Element name="PulseProgram" type="str">C:/Users/Public/Documents/experiments/microwave/config/PulseProgramsPlus/Master_uWave_program_gst.ppp</Element>
      <Element name="inlinevar_6" type="Quantity">3</Element>
      <Element name="CoolingFreq" type="Quantity">236.0 MHz</Element>
      <Element name="Calibration2DetectPhotons" type="Quantity">0</Element>
      <Element name="Microwave2AnalyzeTime" type="int">0</Element>
      <Element name="one" type="Quantity">1</Element>
      <Element name="BoolGateSequence" type="int">1</Element>
      <Element name="MicrowaveCalRep" type="Quantity">0</Element>
      <Element name="ddsLockPt" type="int">512</Element>
      <Element name="FreqCalAdjust" type="Quantity">0.1 Hz</Element>
      <Element name="SpinEchoPhase" type="float">180.0</Element>
      <Element name="packCounter" type="Quantity">0</Element>
      <Element name="TickleFreq" type="int">0</Element>
      <Element name="IonLostExitcode" type="Quantity">18446181123756130305</Element>
      <Element name="piTime2" type="int">0</Element>
      <Element name="Microwave2InitPhase" type="int">0</Element>
      <Element name="experiments" type="Quantity">1</Element>
      <Element name="FFFFFFFF" type="Quantity">18446744073709551615</Element>
      <Element name="AppliedMicrowave2Freq" type="int">0</Element>
      <Element name="NumberIgnoredBits" type="Quantity">1</Element>
      <Element name="CalibrateFreqEvery" type="int">14</Element>
      <Element name="PiTimeIntegrator" type="Quantity">0</Element>
      <Element name="xPhim" type="int">270</Element>
      <Element name="MicrowaveInitTime" type="int">0</Element>
      <Element name="PumpHoldTime" type="Quantity">6.0 us</Element>
      <Element name="inlinevar_1" type="Quantity">2</Element>
      <Element name="initRemaining" type="Quantity">0</Element>
      <Element name="RamStartAddress" type="int">0</Element>
      <Element name="yPhi1" type="float">97.18075578145829</Element>
      <Element name="ddsApplyAll" type="int">1023</Element>
      <Element name="inlinevar_3" type="Quantity">0</Element>
      <Element name="yPhi2" type="float">291.54226734437486</Element>
      <Element name="DetectOn" type="int">8740929536</Element>
      <Element name="MicrowaveLoop" type="int">1</Element>
      <Element name="CalibrationDetectPhotons" type="Quantity">0</Element>
      <Element name="zero" type="Quantity">0</Element>
      <Element name="TickleOn" type="int">67108864</Element>
      <Element name="BitMask" type="int">15</Element>
      <Element name="PumpingOn" type="int">17465082368</Element>
      <Element name="CalFreqSkipCounter" type="Quantity">0</Element>
      <Element name="inlinevar_9" type="Quantity">7</Element>
      <Element name="Microwave2AnalyzePhase" type="int">0</Element>
      <Element name="MicroFreqCalTime" type="Quantity">10 ms</Element>
      <Element name="MicrowaveFreqOffset" type="Quantity">7.436110837086528 kHz</Element>
      <Element name="testv" type="Quantity">0</Element>
      <Element name="DetectCounters" type="int">72339069014638594</Element>
      <Element name="INTERRUPT_EXITCODE" type="Quantity">18446198715942174720</Element>
      <Element name="SpinEchoTime" type="int">0</Element>
      <Element name="DetectFreq" type="Quantity">236.0 MHz</Element>
      <Element name="SequenceRepetitions" type="Quantity">1</Element>
      <Element name="xPhiNB1" type="float">187.1807557814583</Element>
      <Element name="uWaveReset" type="int">2147483648</Element>
      <Element name="NULL" type="Quantity">0</Element>
      <Element name="MicrowaveOn" type="int">256</Element>
      <Element name="CalibrateEvery" type="int">3</Element>
      <Element name="PumpTime" type="Quantity">0.2 ms</Element>
      <Element name="pulseTime" type="int">0</Element>
      <Element name="MaxInitRepeat" type="int">300</Element>
      <Element name="yPhi" type="int">0</Element>
      <Element name="SyncTime" type="int">0</Element>
      <Element name="DetectTime" type="Quantity">1 ms</Element>
      <Element name="inlinevar_4" type="Quantity">8</Element>
      <Element name="Microwave2FreqOffset" type="int">0</Element>
    </Element>
    <Element name="Scan" type="dict">
      <Element name="xExpression" type="str"></Element>
      <Element name="parallelInternalScanParameter" type="str">None</Element>
      <Element name="loadPPName" type="str">GateSetTomography_v2</Element>
      <Element name="scantype" type="int">0</Element>
      <Element name="scanParameter" type="str">None</Element>
      <Element name="scanMode" type="int">2</Element>
      <Element name="loadPP" type="bool">True</Element>
      <Element name="scanTarget" type="str">Internal</Element>
      <Element name="xUnit" type="str">us</Element>
    </Element>
    <ColumnSpec>timeTickFirst, timeTickLast, x, DetectThreshold, DetectThreshold_raw, DetectThreshold_bottom, DetectThreshold_top, CoolingMean, CoolingMean_raw, CoolingMean_bottom, CoolingMean_top, PiCalCounter, PiCalCounter_raw, FreqCalCounter, FreqCalCounter_raw, FreqCalibrator, FreqCalibrator_raw, FreqCalibrator_bottom, FreqCalibrator_top, PiCalibrator, PiCalibrator_raw, PiCalibrator_bottom, PiCalibrator_top, bottom, top</ColumnSpec>
    <Element name="comment" type="str"></Element>
    <Element name="lastDataAquired" type="datetime">2018-01-31 12:35:33.741993+00:00</Element>
    <Element name="name" type="str"></Element>
    <Element name="timeTickOffset" type="float">1517355681.9751153</Element>
    <Element name="traceCreation" type="datetime">2018-01-31 02:51:47.468942+00:00</Element>
    <Element name="traceFinalized" type="datetime">2018-01-31 12:35:33.742994+00:00</Element>
    <TracePlottingList>
      <TracePlotting _bottomColumn="DetectThreshold_bottom" _filtColumn="None" _fitFunction="None" _heightColumn="height" _rawColumn="DetectThreshold_raw" _topColumn="DetectThreshold_top" _xColumn="x" _yColumn="DetectThreshold" fill="True" name="DetectThreshold" properties="&lt;trace.PlottedTrace.PlottedTraceProperties object at 0x000001C50BB672E8&gt;" style="1" type="0" windowName="Scan Data" xAxisLabel="None" xAxisUnit="us" yAxisLabel="None">
        <PlottedTraceProperties averageSameX="True" averageType="0" combinePoints="0"/>
      </TracePlotting>
      <TracePlotting _bottomColumn="CoolingMean_bottom" _filtColumn="None" _fitFunction="None" _heightColumn="height" _rawColumn="CoolingMean_raw" _topColumn="CoolingMean_top" _xColumn="x" _yColumn="CoolingMean" fill="True" name="CoolingMean" properties="&lt;trace.PlottedTrace.PlottedTraceProperties object at 0x000001C52316B3C8&gt;" style="1" type="0" windowName="CoolingNumber" xAxisLabel="None" xAxisUnit="us" yAxisLabel="None">
        <PlottedTraceProperties averageSameX="False" averageType="0" combinePoints="0"/>
      </TracePlotting>
      <TracePlotting _bottomColumn="bottom" _filtColumn="None" _fitFunction="None" _heightColumn="height" _rawColumn="PiCalCounter_raw" _topColumn="top" _xColumn="timeTickFirst" _yColumn="PiCalCounter" fill="True" name="PiCalCounter" properties="&lt;trace.PlottedTrace.PlottedTraceProperties object at 0x000001C52243EEB8&gt;" style="1" type="0" windowName="NamedTraces" xAxisLabel="None" xAxisUnit="us" yAxisLabel="None">
        <PlottedTraceProperties averageSameX="False" averageType="0" combinePoints="100"/>
      </TracePlotting>
      <TracePlotting _bottomColumn="bottom" _filtColumn="None" _fitFunction="None" _heightColumn="height" _rawColumn="FreqCalCounter_raw" _topColumn="top" _xColumn="timeTickFirst" _yColumn="FreqCalCounter" fill="True" name="FreqCalCounter" properties="&lt;trace.PlottedTrace.PlottedTraceProperties object at 0x000001C521A8D160&gt;" style="1" type="0" windowName="DetectMean" xAxisLabel="None" xAxisUnit="us" yAxisLabel="None">
        <PlottedTraceProperties averageSameX="False" averageType="0" combinePoints="100"/>
      </TracePlotting>
      <TracePlotting _bottomColumn="FreqCalibrator_bottom" _filtColumn="None" _fitFunction="None" _heightColumn="height" _rawColumn="FreqCalibrator_raw" _topColumn="FreqCalibrator_top" _xColumn="timeTickFirst" _yColumn="FreqCalibrator" fill="True" name="FreqCalibrator" properties="&lt;trace.PlottedTrace.PlottedTraceProperties object at 0x000001C51844F5C0&gt;" style="1" type="0" windowName="CoherencePlots" xAxisLabel="None" xAxisUnit="us" yAxisLabel="None">
        <PlottedTraceProperties averageSameX="False" averageType="0" combinePoints="100"/>
      </TracePlotting>
      <TracePlotting _bottomColumn="PiCalibrator_bottom" _filtColumn="None" _fitFunction="None" _heightColumn="height" _rawColumn="PiCalibrator_raw" _topColumn="PiCalibrator_top" _xColumn="timeTickFirst" _yColumn="PiCalibrator" fill="True" name="PiCalibrator" properties="&lt;trace.PlottedTrace.PlottedTraceProperties object at 0x000001C5240E8358&gt;" style="1" type="0" windowName="Calibrations" xAxisLabel="None" xAxisUnit="us" yAxisLabel="None">
        <PlottedTraceProperties averageSameX="False" averageType="0" combinePoints="100"/>
      </TracePlotting>
    </TracePlottingList>
  </Variables>
</DataFileHeader>
