<DataFileHeader>
  <Variables>
    <Element name="PulseProgram" type="dict">
      <Element name="PulseProgram" type="str">C:/Users/ions/Documents/IonControl/project_dir/QuditLab/config/PulseProgramsPlus/PulseAblation.ppp</Element>
      <Element name="NULL" type="Quantity">0</Element>
      <Element name="FFFFFFFF" type="Quantity">18446744073709551615</Element>
      <Element name="INTERRUPT_EXITCODE" type="Quantity">18446198715942174720</Element>
      <Element name="NaturalAblation_mask" type="int">256</Element>
      <Element name="NaturalAblation" type="int">256</Element>
      <Element name="WaitAblationReset" type="Quantity">0.1 s</Element>
      <Element name="pulses" type="Quantity">1</Element>
      <Element name="DummyVar" type="int">0</Element>
      <Element name="endLabel" type="Quantity">18446744073709551615</Element>
      <Element name="currentpulse" type="Quantity">0</Element>
      <Element name="inlinevar_1" type="Quantity">1</Element>
    </Element>
    <Element name="Scan" type="dict">
      <Element name="scanParameter" type="str">DummyVar</Element>
      <Element name="scanTarget" type="str">Internal</Element>
      <Element name="scantype" type="int">0</Element>
      <Element name="scanMode" type="int">0</Element>
      <Element name="xUnit" type="str"></Element>
      <Element name="xExpression" type="str"></Element>
      <Element name="loadPP" type="bool">True</Element>
      <Element name="loadPPName" type="str">PulseAblation_For-Script_Flush.ppp</Element>
      <Element name="parallelInternalScanParameter" type="str">None</Element>
    </Element>
    <ColumnSpec>timeTickFirst, timeTickLast</ColumnSpec>
    <Element name="comment" type="str"></Element>
    <Element name="name" type="str"></Element>
    <Element name="traceCreation" type="datetime">2020-08-30 22:14:20.019589+00:00</Element>
    <TracePlottingList>
      <TracePlotting _bottomColumn="bottom" _filtColumn="None" _fitFunction="None" _heightColumn="height" _rawColumn="PMT Count_raw" _topColumn="top" _xColumn="x" _yColumn="PMT Count" fill="True" name="PMT Count" properties="&lt;trace.PlottedTrace.PlottedTraceProperties object at 0x000001F2EF623EF0&gt;" style="0" type="0" windowName="Scan Data" xAxisLabel="DummyVar" xAxisUnit="" yAxisLabel="None">
        <PlottedTraceProperties averageSameX="False" averageType="0" combinePoints="0"/>
      </TracePlotting>
    </TracePlottingList>
  </Variables>
</DataFileHeader>
