<DataFileHeader>
  <Variables>
    <Element name="PulseProgram" type="dict">
      <Element name="PulseProgram" type="str">C:/Users/ions/Documents/IonControl/project_dir/QuditLab/config/PulseProgramsPlus/Ion-Direct Trap.ppp</Element>
      <Element name="NULL" type="Quantity">0</Element>
      <Element name="FFFFFFFF" type="Quantity">18446744073709551615</Element>
      <Element name="INTERRUPT_EXITCODE" type="Quantity">18446198715942174720</Element>
      <Element name="InitializationShutter" type="int">5144</Element>
      <Element name="AblationTTL_mask" type="int">256</Element>
      <Element name="AblationTTL" type="int">256</Element>
      <Element name="TrapRF_mask" type="int">8192</Element>
      <Element name="TrapRF" type="int">8192</Element>
      <Element name="EndShutter" type="int">5144</Element>
      <Element name="Camera_Switch_mask" type="int">4096</Element>
      <Element name="Camera_Switch" type="int">0</Element>
      <Element name="CameraTTL_mask" type="int">2048</Element>
      <Element name="CameraTTL" type="int">2048</Element>
      <Element name="AblationShutter_mask" type="int">1024</Element>
      <Element name="AblationShutter" type="int">1024</Element>
      <Element name="ShutterDelayTime" type="Quantity">0.1 s</Element>
      <Element name="DetectTime" type="Quantity">100 ms</Element>
      <Element name="TrapStartDelay" type="Quantity">142 us</Element>
      <Element name="WaitForCoolTime" type="Quantity">2 s</Element>
      <Element name="WaitForCameraTime" type="Quantity">2 s</Element>
      <Element name="TrappedIonThreshold" type="int">80</Element>
      <Element name="DummyPulse" type="int">4</Element>
      <Element name="experiments" type="int">1</Element>
      <Element name="DetectCounters" type="int">1</Element>
      <Element name="endLabel" type="Quantity">18446744073709551615</Element>
      <Element name="experimentsleft" type="Quantity">100</Element>
      <Element name="currentexperiment" type="Quantity">0</Element>
      <Element name="testvar" type="Quantity">100</Element>
      <Element name="DummyPulseCount" type="Quantity">0</Element>
      <Element name="inlinevar_1" type="Quantity">1</Element>
    </Element>
    <Element name="Scan" type="dict">
      <Element name="scanParameter" type="str">TrapStartDelay</Element>
      <Element name="scanTarget" type="str">Internal</Element>
      <Element name="scantype" type="int">0</Element>
      <Element name="scanMode" type="int">0</Element>
      <Element name="xUnit" type="str">us</Element>
      <Element name="xExpression" type="str"></Element>
      <Element name="loadPP" type="bool">True</Element>
      <Element name="loadPPName" type="str">Ion-Direct Trap</Element>
      <Element name="parallelInternalScanParameter" type="str">None</Element>
    </Element>
    <ColumnSpec>timeTickFirst, timeTickLast, x, PMT Count, PMT Count_raw, PMT Count_bottom, PMT Count_top</ColumnSpec>
    <Element name="comment" type="str"></Element>
    <Element name="lastDataAquired" type="datetime">2020-10-15 20:32:30.143063+00:00</Element>
    <Element name="name" type="str"></Element>
    <Element name="traceCreation" type="datetime">2020-10-15 20:31:17.875234+00:00</Element>
    <Element name="traceFinalized" type="datetime">2020-10-15 20:32:30.148623+00:00</Element>
    <TracePlottingList>
      <TracePlotting _bottomColumn="PMT Count_bottom" _filtColumn="None" _fitFunction="None" _heightColumn="height" _rawColumn="PMT Count_raw" _topColumn="PMT Count_top" _xColumn="x" _yColumn="PMT Count" fill="True" name="PMT Count" properties="&lt;trace.PlottedTrace.PlottedTraceProperties object at 0x0000022BE771B748&gt;" style="0" type="0" windowName="Scan Data" xAxisLabel="TrapStartDelay" xAxisUnit="us" yAxisLabel="None">
        <PlottedTraceProperties averageSameX="False" averageType="0" combinePoints="0"/>
      </TracePlotting>
    </TracePlottingList>
  </Variables>
</DataFileHeader>
