<DataFileHeader>
  <Variables>
    <Element name="PulseProgram" type="dict">
      <Element name="PulseProgram" type="str">C:/Users/ions/Documents/IonControl/project_dir/QuditLab/config/PulseProgramsPlus/Ablation_Focus.ppp</Element>
      <Element name="NULL" type="Quantity">0</Element>
      <Element name="FFFFFFFF" type="Quantity">18446744073709551615</Element>
      <Element name="INTERRUPT_EXITCODE" type="Quantity">18446198715942174720</Element>
      <Element name="InitializationShutter" type="int">4610</Element>
      <Element name="NaturalAblation_mask" type="int">256</Element>
      <Element name="NaturalAblation" type="int">256</Element>
      <Element name="EndShutter" type="int">4610</Element>
      <Element name="ShutterDelayTime" type="Quantity">0.5 s</Element>
      <Element name="WindowStartTime" type="Quantity">145 us</Element>
      <Element name="DetectTime" type="Quantity">20 us</Element>
      <Element name="DummyVar" type="int">0</Element>
      <Element name="experiments" type="int">1</Element>
      <Element name="DetectCounters" type="int">1</Element>
      <Element name="endLabel" type="Quantity">4294967295</Element>
      <Element name="experimentsleft" type="Quantity">100</Element>
      <Element name="currentexperiment" type="Quantity">0</Element>
      <Element name="inlinevar_1" type="Quantity">1</Element>
    </Element>
    <Element name="Scan" type="dict">
      <Element name="scanParameter" type="str">DummyVar</Element>
      <Element name="scanTarget" type="str">Internal</Element>
      <Element name="scantype" type="int">0</Element>
      <Element name="scanMode" type="int">1</Element>
      <Element name="xUnit" type="str"></Element>
      <Element name="xExpression" type="str"></Element>
      <Element name="loadPP" type="bool">True</Element>
      <Element name="loadPPName" type="str">Ablation_Focus.ppp</Element>
      <Element name="parallelInternalScanParameter" type="str">None</Element>
    </Element>
    <ColumnSpec>timeTickFirst, timeTickLast</ColumnSpec>
    <Element name="comment" type="str"></Element>
    <Element name="name" type="str"></Element>
    <Element name="traceCreation" type="datetime">2020-08-27 12:41:15.335093+00:00</Element>
    <TracePlottingList>
      <TracePlotting _bottomColumn="PMT Count_bottom" _filtColumn="None" _fitFunction="None" _heightColumn="height" _rawColumn="PMT Count_raw" _topColumn="PMT Count_top" _xColumn="x" _yColumn="PMT Count" fill="True" name="PMT Count" properties="&lt;trace.PlottedTrace.PlottedTraceProperties object at 0x00000245F24FDA90&gt;" style="0" type="0" windowName="Scan Data" xAxisLabel="DummyVar" xAxisUnit="" yAxisLabel="None">
        <PlottedTraceProperties averageSameX="False" averageType="0" combinePoints="0"/>
      </TracePlotting>
    </TracePlottingList>
  </Variables>
</DataFileHeader>
